タスクID,タスク名,バケット,状態,担当者,開始日,完了日,チェックリスト項目,ラベル,メモ
T-001,全カラムテスト,50%,処理中,山田;佐藤,2025-01-06,2025-01-20,設計;実装;テスト,フロントエンド;バックエンド,すべてのカラムをテストするタスク
T-002,必須列のみテスト,,,,,,,,
T-003,複数担当者・ラベルテスト,100%,完了済み,山田;佐藤;鈴木,2025-01-06,2025-01-15,レビュー,ドキュメント,複数担当者和ラベルのテスト
T-004,開始前状態テスト,0%,開始前,,,,,,todo列への配置テスト
T-005,完了済み状態テスト,100%,完了済み,山田,2025-01-06,2025-01-10,テスト完了,バックエンド,done列への配置テスト
T-006,ログイン画面の実装,100%,完了済み,山田,2025-01-06,2025-01-08,UI実装;認証ロジック;テスト,フロントエンド;セキュリティ,ユーザーログイン機能
T-007,ダッシュボード作成,80%,処理中,佐藤,2025-01-10,2025-01-25,チャート実装;データ取得,フロントエンド,メインダッシュボード
T-008,APIレートリミット実装,30%,処理中,鈴木,2025-01-12,,ミドルウェア;テスト,バックエンド;セキュリティ,API保護機能
T-009,データベースバックアップ機能,0%,開始前,山田,,,,バックエンド,自動バックアップ処理
T-010,メール通知機能,60%,処理中,佐藤;鈴木,2025-01-08,2025-01-22,テンプレート作成;送信ロジック,バックエンド,アラート通知
T-011,ユーザープロフィール画面,100%,完了済み,山田,2025-01-06,2025-01-12,UI;API連携,フロントエンド,プロフィール編集
T-012,検索機能の最適化,45%,処理中,鈴木,2025-01-15,,インデックス;クエリ改善,バックエンド,パフォーマンス向上
T-013,モバイルレスポンシブ対応,20%,処理中,佐藤,2025-01-18,,CSS調整;テスト,フロントエンド,スマホ対応
T-014,ログローテーション設定,0%,開始前,山田,,,,バックエンド;インフラ,ログ管理
T-015,ユニットテスト追加,70%,処理中,鈴木;山田,2025-01-10,2025-01-28,テストケース;カバレッジ確認,バックエンド;テスト,品質向上
T-016,設定画面のローカライズ,100%,完了済み,佐藤,2025-01-06,2025-01-14,日本語;英語,フロントエンド;ドキュメント,多言語対応
T-017,ファイルアップロード機能,50%,処理中,山田;佐藤,2025-01-12,2025-01-30,アップロード;バリデーション;ストレージ,バックエンド;フロントエンド,画像アップロード
T-018,キャッシュ戦略の実装,0%,開始前,鈴木,,,,バックエンド;インフラ,Redis導入
T-019,アクセスログ分析,35%,処理中,山田,2025-01-20,,データ集計;レポート,バックエンド,利用状況把握
T-020,パスワードリセット機能,100%,完了済み,佐藤,2025-01-06,2025-01-11,メールリンク;トークン検証,バックエンド;セキュリティ,パスワード再設定
T-021,2段階認証導入,0%,開始前,山田;鈴木,,,,バックエンド;セキュリティ,セキュリティ強化
T-022,リアルタイム通知,15%,処理中,佐藤,2025-01-22,,WebSocket;プッシュ通知,バックエンド;フロントエンド,SignalR使用
T-023,データエクスポート機能,85%,処理中,鈴木,2025-01-10,2025-01-25,CSV;Excel出力,バックエンド,レポート出力
T-024,ユーザー権限管理,60%,処理中,山田,2025-01-08,2025-01-28,ロール定義;認可チェック,バックエンド;セキュリティ,RBAC実装
T-025,UIコンポーネントライブラリ導入,100%,完了済み,佐藤,2025-01-06,2025-01-13,ライブラリ選定;統合,フロントエンド,一貫性向上
T-026,APIドキュメント作成,40%,処理中,鈴木,2025-01-16,,Swagger;Markdown,ドキュメント,API仕様書
T-027,パフォーマンスモニタリング,0%,開始前,山田;佐藤,,,,バックエンド;インフラ,APM導入
T-028,バッチ処理の実装,25%,処理中,鈴木,2025-01-18,,スケジュール;ジョブ管理,バックエンド,夜間バッチ
T-029,コメント機能,55%,処理中,佐藤;山田,2025-01-12,2025-01-30,CRUD;リアルタイム更新,フロントエンド;バックエンド,チケットコメント
T-030,データバリデーション強化,100%,完了済み,山田,2025-01-06,2025-01-09,入力チェック;エラーメッセージ,バックエンド,セキュリティ対策
T-031,セッション管理改善,70%,処理中,鈴木,2025-01-14,2025-01-26,タイムアウト;同時ログイン,バックエンド;セキュリティ,セッション制御
T-032,グラフビジュアライゼーション,30%,処理中,佐藤,2025-01-20,,チャートライブラリ;データマッピング,フロントエンド,データ可視化
T-033,インポートエラーハンドリング,0%,開始前,山田,,,,バックエンド;テスト,エラー表示
T-034,テンプレート機能,45%,処理中,佐藤;鈴木,2025-01-15,,テンプレート保存;適用,フロントエンド;バックエンド,プロジェクトテンプレート
T-035,アクティビティフィード,100%,完了済み,山田,2025-01-06,2025-01-16,タイムライン;フィルタ,フロントエンド;バックエンド,活動履歴
T-036,Webhook統合,20%,処理中,鈴木,2025-01-22,,フック登録;イベント送信,バックエンド,外部連携
T-037,ダークモード対応,80%,処理中,佐藤,2025-01-10,2025-01-24,テーマ切替;CSS変数,フロントエンド,表示モード
T-038,データアーカイブ処理,0%,開始前,山田;鈴木,,,,バックエンド,旧データ整理
T-039,通知設定カスタマイズ,65%,処理中,佐藤,2025-01-12,2025-01-28,設定UI;フィルタロジック,フロントエンド;バックエンド,ユーザー別設定
T-040,APIバージョン管理,100%,完了済み,鈴木,2025-01-06,2025-01-10,ルーティング;互換性,バックエンド,バージョン制御
T-041,ドラッグドロップ改善,50%,処理中,佐藤;山田,2025-01-14,,イベント処理;アニメーション,フロントエンド,UX向上
T-042,データ整合性チェック,0%,開始前,鈴木,,,,バックエンド;テスト,一貫性検証
T-043,ショートカットキー実装,35%,処理中,佐藤,2025-01-18,,キーバインド;ヘルプ表示,フロントエンド,操作効率化
T-044,外部API連携,75%,処理中,山田;鈴木,2025-01-10,2025-01-26,OAuth;データ同期,バックエンド,サードパーティ統合
T-045,レポート自動生成,100%,完了済み,鈴木,2025-01-06,2025-01-15,テンプレート;スケジュール,バックエンド;ドキュメント,週次レポート
T-046,フィードバック収集機能,15%,処理中,佐藤,2025-01-22,,フォーム;集計画面,フロントエンド;バックエンド,ユーザー意見
T-047,システムヘルスチェック,0%,開始前,山田,,,,バックエンド;インフラ,監視ダッシュボード
T-048,バッチインポート対応,55%,処理中,鈴木;山田,2025-01-12,2025-01-30,キュー処理;エラーリトライ,バックエンド,大量データ処理
T-049,アクセス分析ダッシュボード,40%,処理中,佐藤,2025-01-16,,PV;UV;行動分析,フロントエンド;バックエンド,利用統計
T-050,セキュリティ監査ログ,85%,処理中,山田;鈴木,2025-01-10,2025-01-25,ログ記録;アラート,バックエンド;セキュリティ,コンプライアンス
